model,mae,smape,mase24,mase168
SeasonalNaive_168,70.75892857142857,14.007294919905169,1.732307607403108,1.4823375640628762
AutoETS_24,94.67073530634117,17.81728790644057,1.9718985845949053,1.6703211802044404
AutoETS_168,95.69294651397861,17.433838171696806,1.9752056837940208,1.768963401915308
SeasonalNaive_24,111.5297619047619,18.761885270542045,2.1859388383130813,2.0022210470650452
AutoTheta_24,167.00287241815812,28.161329168980473,2.562926175706982,2.3662910485954636
AutoTheta_168,169.27681244778762,29.100368167114812,2.600484254815859,2.4877358389483946
Naive,229.76190476190476,43.5000877290215,4.931935115476586,4.18228639749839
