model,mae,smape,mase24,mase168
CB_Lags_Seasonal_Calendar_Fourier,109.98009678667762,19.69876691312286,2.3964597907950163,2.118410133064364
CB_Lags_Seasonal_Fourier,112.73821643056954,19.88306331374644,2.4766763172779123,2.191485955868603
CB_Lags_Fourier,108.78873092569225,19.95527839751975,2.541437845060127,2.2192319548206174
CB_Lags_Seasonal,114.96072704400821,20.52819104987094,2.5544182230713792,2.333958400858264
CB_Lags,113.27135487909804,21.463925846376846,2.6579713542362517,2.37660115055096
CB_Lags_Seasonal_Calendar,125.28960069730938,22.044945039164453,2.780858802821106,2.3877556942104423
CB_Lags_Calendar,128.76332009977148,22.260730315951555,2.9559780310044133,2.423464215632207
