,acf_24,acf_24,acf_24,acf_24,acf_24,acf_168,acf_168,acf_168,acf_168,acf_168
,count,mean,median,min,max,count,mean,median,min,max
seasonality_group,,,,,,,,,,
weak,107,0.7493011902758309,0.8423699710576906,-0.015745140001469392,0.9582750154636395,107,0.6806727758210473,0.7486881341363663,-0.021932381021770614,0.7977368785120043
medium,106,0.8851953359550901,0.9193509920136184,0.3604971665333238,0.9571977409230854,106,0.8243349248567754,0.8238654756611823,0.7994750949552897,0.8470861280272853
strong,107,0.9060097549710869,0.9478752356891731,-0.028038745501444147,0.9745622220262845,107,0.8676966240090891,0.8665670889852959,0.8470957393542303,0.9166666666666667
